{
   "entries": {
      "resourceKind": [
         {
            "resourceKindKey": "HostSystem",
            "internalId": "resourceKind:id:1_::_",
            "adapterKindKey": "VMWARE"
         },
         {
            "resourceKindKey": "VirtualMachine",
            "internalId": "resourceKind:id:0_::_",
            "adapterKindKey": "VMWARE"
         },
         {
            "resourceKindKey": "ClusterComputeResource",
            "internalId": "resourceKind:id:2_::_",
            "adapterKindKey": "VMWARE"
         }
      ],
      "resource": [{
         "resourceKindKey": "vSphere World",
         "internalId": "resource:id:0_::_",
         "adapterKindKey": "VMWARE",
         "identifiers": [],
         "name": "vSphere World"
      }]
   },
   "dashboards": [{
      "shared": false,
      "temporary": false,
      "hidden": false,
      "creationTime": 1706039167811,
      "autoswitchEnabled": false,
      "importAttempts": 0,
      "lastUpdateUserId": "287ed085-c6ca-4255-b69c-956f1665ed51",
      "columnProportion": "1-1",
      "importComplete": true,
      "description": "",
      "columnCount": 1,
      "widgets": [
         {
            "collapsed": false,
            "id": "e4e54546-f60b-485f-8924-c92cff7a560e",
            "gridsterCoords": {
               "w": 6,
               "x": 1,
               "h": 11,
               "y": 1
            },
            "type": "View",
            "title": "ESXi Hosts",
            "config": {
               "refreshInterval": 300,
               "resource": {
                  "resourceId": "resource:id:0_::_",
                  "traversalSpecId": "",
                  "resourceName": "vSphere World",
                  "resourceKindId": "002006VMWAREvSphere World",
                  "id": "Ext.vcops.chrome.model.Resource-1"
               },
               "traversalSpecId": null,
               "refreshContent": {"refreshContent": true},
               "isUpdatedView": true,
               "chartViewItems": [],
               "selectFirstRow": {"selectFirstRow": true},
               "selfProvider": {"selfProvider": true},
               "title": "ESXi Hosts",
               "viewDefinitionId": "cf3b06b1-80b8-4b84-850b-c1fc8f008a8b"
            },
            "height": 608,
            "states": [
               {
                  "value": "n%3A100",
                  "key": "permPageSize_widget_266bda25-2771-4e50-ab6d-d23af97f7924_e4e54546-f60b-485f-8924-c92cff7a560e"
               },
               {
                  "value": "b%3A0",
                  "key": "perm_isDashboardTime_widget_266bda25-2771-4e50-ab6d-d23af97f7924_e4e54546-f60b-485f-8924-c92cff7a560e"
               },
               {
                  "value": "s%3A%7B%22minType%22%3A%22.TimeIntervalControl%22%2C%22advancedTimeMode%22%3Afalse%2C%22fromTime%22%3Anull%2C%22unit%22%3A%22DAYS%22%2C%22count%22%3A30%2C%22priorUnit%22%3Anull%2C%22priorCount%22%3Anull%2C%22startSubUnit%22%3Anull%2C%22startPeriod%22%3Anull%2C%22toTime%22%3Anull%2C%22endUnit%22%3Anull%2C%22endCount%22%3Anull%2C%22endSubUnit%22%3Anull%2C%22endPeriod%22%3Anull%2C%22isRealTimeData%22%3Anull%2C%22mondayHours%22%3A%5B%5D%2C%22tuesdayHours%22%3A%5B%5D%2C%22wednesdayHours%22%3A%5B%5D%2C%22thursdayHours%22%3A%5B%5D%2C%22fridayHours%22%3A%5B%5D%2C%22saturdayHours%22%3A%5B%5D%2C%22sundayHours%22%3A%5B%5D%7D",
                  "key": "permSelectedDate_widget_266bda25-2771-4e50-ab6d-d23af97f7924_e4e54546-f60b-485f-8924-c92cff7a560e"
               }
            ]
         },
         {
            "collapsed": false,
            "id": "9af8128a-c93e-4217-9546-8cdd4ec9f779",
            "gridsterCoords": {
               "w": 4,
               "x": 1,
               "h": 10,
               "y": 12
            },
            "type": "ParetoAnalysis",
            "title": "Top 10 VMs CPU Usage",
            "config": {
               "yellowBound": 70,
               "regenerationTime": 15,
               "barsCount": 10,
               "metricName": "CPU Usage %",
               "relationshipMode": {"relationshipMode": -1},
               "title": "Top 10 VMs CPU Usage",
               "additionalColumns": [],
               "roundDecimals": 0,
               "metricUnit": {
                  "metricUnitId": -1,
                  "metricUnitName": "Auto"
               },
               "mode": "all",
               "resourceKind": [{"id": "resourceKind:id:0_::_"}],
               "filterMode": "tagPicker",
               "tagFilter": null,
               "customFilter": {
                  "filter": [],
                  "excludedResources": null,
                  "includedResources": null
               },
               "selfProvider": {"selfProvider": false},
               "filterOldMetrics": {"filterOldMetrics": false},
               "percentileValue": null,
               "topOption": "metricsHighestUtilization",
               "refreshInterval": 300,
               "resource": [],
               "refreshContent": {"refreshContent": true},
               "orangeBound": 80,
               "depth": 10,
               "metric": {
                  "metricKey": "cpu|usage_average",
                  "name": "CPU|Usage (%)"
               },
               "redBound": 90
            },
            "height": 551
         },
         {
            "collapsed": false,
            "id": "ba869acf-891c-48ae-9b4f-e108baa02bff",
            "gridsterCoords": {
               "w": 4,
               "x": 5,
               "h": 10,
               "y": 12
            },
            "type": "ParetoAnalysis",
            "title": "Top 10 VMs Memory Used",
            "config": {
               "yellowBound": 70,
               "regenerationTime": 15,
               "barsCount": 10,
               "metricName": "Memory Used %",
               "relationshipMode": {"relationshipMode": -1},
               "title": "Top 10 VMs Memory Used",
               "additionalColumns": [],
               "roundDecimals": 0,
               "metricUnit": {
                  "metricUnitId": -1,
                  "metricUnitName": "Auto"
               },
               "mode": "all",
               "resourceKind": [{"id": "resourceKind:id:0_::_"}],
               "filterMode": "tagPicker",
               "tagFilter": null,
               "customFilter": {
                  "filter": [],
                  "excludedResources": null,
                  "includedResources": null
               },
               "selfProvider": {"selfProvider": false},
               "filterOldMetrics": {"filterOldMetrics": false},
               "percentileValue": null,
               "topOption": "metricsHighestUtilization",
               "refreshInterval": 300,
               "resource": [],
               "refreshContent": {"refreshContent": true},
               "orangeBound": 80,
               "depth": 10,
               "metric": {
                  "metricKey": "mem|usage_average",
                  "name": "Memory|Usage (%)"
               },
               "redBound": 90
            },
            "height": 551
         },
         {
            "collapsed": false,
            "id": "e97afe43-f0f8-4028-9167-fe44d46753b9",
            "gridsterCoords": {
               "w": 4,
               "x": 9,
               "h": 10,
               "y": 12
            },
            "type": "ParetoAnalysis",
            "title": "Top 10 VMs Network Usage",
            "config": {
               "percentileValue": null,
               "regenerationTime": 15,
               "barsCount": 10,
               "metricName": "Network Usage",
               "topOption": "metricsHighestUtilization",
               "refreshInterval": 300,
               "resource": [],
               "refreshContent": {"refreshContent": true},
               "relationshipMode": {"relationshipMode": -1},
               "title": "Top 10 VMs Network Usage",
               "additionalColumns": [],
               "roundDecimals": 0,
               "metricUnit": {
                  "metricUnitId": -1,
                  "metricUnitName": "Auto"
               },
               "mode": "all",
               "resourceKind": [{"id": "resourceKind:id:0_::_"}],
               "filterMode": "tagPicker",
               "tagFilter": null,
               "depth": 10,
               "metric": {
                  "metricKey": "net|usage_average",
                  "name": "Network|Usage Rate (KBps)"
               },
               "customFilter": {
                  "filter": [],
                  "excludedResources": null,
                  "includedResources": null
               },
               "selfProvider": {"selfProvider": false},
               "filterOldMetrics": {"filterOldMetrics": false}
            },
            "height": 551
         },
         {
            "collapsed": false,
            "id": "fa399e78-00d6-4b02-9064-e8384ec89a81",
            "gridsterCoords": {
               "w": 6,
               "x": 7,
               "h": 11,
               "y": 1
            },
            "type": "ResourceRelationship",
            "title": "Object Relationship (for selected ESXi Host)",
            "config": {
               "filterMode": "tagPicker",
               "tagFilter": {
                  "path": [
                     "/source/kind/kind:resourceKind:id:1_::_",
                     "/source/kind/kind:resourceKind:id:2_::_",
                     "/source/kind/kind:resourceKind:id:0_::_"
                  ],
                  "value": {
                     "bus": [],
                     "adapterKind": [],
                     "kind": [
                        "resourceKind:id:1_::_",
                        "resourceKind:id:2_::_",
                        "resourceKind:id:0_::_"
                     ],
                     "exclaim": false,
                     "healthRange": [],
                     "maintenanceSchedule": [],
                     "adapterInstance": [],
                     "collector": [],
                     "tier": [],
                     "state": [],
                     "tag": [],
                     "day": [],
                     "status": []
                  }
               },
               "resourceId": null,
               "nodeSize": 18,
               "refreshInterval": 300,
               "autoZoom": {"autoSize": false},
               "refreshContent": {"refreshContent": true},
               "customFilter": {
                  "filter": [],
                  "excludedResources": null,
                  "includedResources": null
               },
               "resourceName": null,
               "selfProvider": {"selfProvider": false},
               "title": "Object Relationship (for selected ESXi Host)"
            },
            "height": 609
         }
      ],
      "userId": "287ed085-c6ca-4255-b69c-956f1665ed51",
      "states": [{
         "value": "o%3AdateRange%3Ds%253Alast7Days%5EdateRangeText%3Ds%253A7D",
         "key": "permDashboardTime_dashboard_266bda25-2771-4e50-ab6d-d23af97f7924"
      }],
      "homeTab": true,
      "name": "ESXi Host Performance Details",
      "gridsterMaxColumns": 12,
      "rank": 0,
      "disabled": false,
      "id": "266bda25-2771-4e50-ab6d-d23af97f7924",
      "locked": false,
      "dashboardNavigations": {},
      "widgetInteractions": [
         {
            "widgetIdProvider": "e4e54546-f60b-485f-8924-c92cff7a560e",
            "type": "resourceId",
            "widgetIdReceiver": "fa399e78-00d6-4b02-9064-e8384ec89a81"
         },
         {
            "widgetIdProvider": "e4e54546-f60b-485f-8924-c92cff7a560e",
            "type": "resourceId",
            "widgetIdReceiver": "9af8128a-c93e-4217-9546-8cdd4ec9f779"
         },
         {
            "widgetIdProvider": "e4e54546-f60b-485f-8924-c92cff7a560e",
            "type": "resourceId",
            "widgetIdReceiver": "ba869acf-891c-48ae-9b4f-e108baa02bff"
         },
         {
            "widgetIdProvider": "e4e54546-f60b-485f-8924-c92cff7a560e",
            "type": "resourceId",
            "widgetIdReceiver": "e97afe43-f0f8-4028-9167-fe44d46753b9"
         }
      ],
      "lastUpdateTime": 1706044259390
   }],
   "uuid": "3aa54275-9796-4619-9a54-48ccb4c715b5"
}